"","Combination.label","First.ad","Second.ad","Third.ad","Fourth.ad","Probability.of.combination","Ordered.combination","row"
"408","c8","H2_C2","H1_C2","H4_C2","H3_C2","P(c8 | G=C2)=1/24","H2_C2, H1_C2, H4_C2, H3_C2",1
"220","c2","H1_C2","H2_C2","H4_C2","H3_C2","P(c2 | G=C2)=1/24","H1_C2, H2_C2, H4_C2, H3_C2",2
"342","c4","H1_C2","H3_C2","H4_C2","H2_C2","P(c4 | G=C2)=1/24","H1_C2, H3_C2, H4_C2, H2_C2",3
"33","c10","H2_C2","H3_C2","H4_C2","H1_C2","P(c10 | G=C2)=1/24","H2_C2, H3_C2, H4_C2, H1_C2",4
"420","c9","H2_C2","H3_C2","H1_C2","H4_C2","P(c9 | G=C2)=1/24","H2_C2, H3_C2, H1_C2, H4_C2",5
"111","c14","H3_C2","H1_C2","H4_C2","H2_C2","P(c14 | G=C2)=1/24","H3_C2, H1_C2, H4_C2, H2_C2",6
"242","c20","H4_C2","H1_C2","H3_C2","H2_C2","P(c20 | G=C2)=1/24","H4_C2, H1_C2, H3_C2, H2_C2",7
"175","c18","H3_C2","H4_C2","H2_C2","H1_C2","P(c18 | G=C2)=1/24","H3_C2, H4_C2, H2_C2, H1_C2",8
"305","c24","H4_C2","H3_C2","H2_C2","H1_C2","P(c24 | G=C2)=1/24","H4_C2, H3_C2, H2_C2, H1_C2",9
"141","c16","H3_C2","H2_C2","H4_C2","H1_C2","P(c16 | G=C2)=1/24","H3_C2, H2_C2, H4_C2, H1_C2",10
"232","c20","H4_C2","H1_C2","H3_C2","H2_C2","P(c20 | G=C2)=1/24","H4_C2, H1_C2, H3_C2, H2_C2",11
"371","c6","H1_C2","H4_C2","H3_C2","H2_C2","P(c6 | G=C2)=1/24","H1_C2, H4_C2, H3_C2, H2_C2",12
"13","c1","H1_C2","H2_C2","H3_C2","H4_C2","P(c1 | G=C2)=1/24","H1_C2, H2_C2, H3_C2, H4_C2",13
"67","c13","H3_C2","H1_C2","H2_C2","H4_C2","P(c13 | G=C2)=1/24","H3_C2, H1_C2, H2_C2, H4_C2",14
"236","c20","H4_C2","H1_C2","H3_C2","H2_C2","P(c20 | G=C2)=1/24","H4_C2, H1_C2, H3_C2, H2_C2",15
"112","c14","H3_C2","H1_C2","H4_C2","H2_C2","P(c14 | G=C2)=1/24","H3_C2, H1_C2, H4_C2, H2_C2",16
"248","c21","H4_C2","H2_C2","H1_C2","H3_C2","P(c21 | G=C2)=1/24","H4_C2, H2_C2, H1_C2, H3_C2",17
"89","c13","H3_C2","H1_C2","H2_C2","H4_C2","P(c13 | G=C2)=1/24","H3_C2, H1_C2, H2_C2, H4_C2",18
"174","c18","H3_C2","H4_C2","H2_C2","H1_C2","P(c18 | G=C2)=1/24","H3_C2, H4_C2, H2_C2, H1_C2",19
"251","c21","H4_C2","H2_C2","H1_C2","H3_C2","P(c21 | G=C2)=1/24","H4_C2, H2_C2, H1_C2, H3_C2",20
"356","c5","H1_C2","H4_C2","H2_C2","H3_C2","P(c5 | G=C2)=1/24","H1_C2, H4_C2, H2_C2, H3_C2",21
"235","c20","H4_C2","H1_C2","H3_C2","H2_C2","P(c20 | G=C2)=1/24","H4_C2, H1_C2, H3_C2, H2_C2",22
"255","c21","H4_C2","H2_C2","H1_C2","H3_C2","P(c21 | G=C2)=1/24","H4_C2, H2_C2, H1_C2, H3_C2",23
"41","c11","H2_C2","H4_C2","H1_C2","H3_C2","P(c11 | G=C2)=1/24","H2_C2, H4_C2, H1_C2, H3_C2",24
"206","c19","H4_C2","H1_C2","H2_C2","H3_C2","P(c19 | G=C2)=1/24","H4_C2, H1_C2, H2_C2, H3_C2",25
"50","c12","H2_C2","H4_C2","H3_C2","H1_C2","P(c12 | G=C2)=1/24","H2_C2, H4_C2, H3_C2, H1_C2",26
"181","c18","H3_C2","H4_C2","H2_C2","H1_C2","P(c18 | G=C2)=1/24","H3_C2, H4_C2, H2_C2, H1_C2",27
"224","c2","H1_C2","H2_C2","H4_C2","H3_C2","P(c2 | G=C2)=1/24","H1_C2, H2_C2, H4_C2, H3_C2",28
"434","c9","H2_C2","H3_C2","H1_C2","H4_C2","P(c9 | G=C2)=1/24","H2_C2, H3_C2, H1_C2, H4_C2",29
"55","c12","H2_C2","H4_C2","H3_C2","H1_C2","P(c12 | G=C2)=1/24","H2_C2, H4_C2, H3_C2, H1_C2",30
"237","c20","H4_C2","H1_C2","H3_C2","H2_C2","P(c20 | G=C2)=1/24","H4_C2, H1_C2, H3_C2, H2_C2",31
"377","c6","H1_C2","H4_C2","H3_C2","H2_C2","P(c6 | G=C2)=1/24","H1_C2, H4_C2, H3_C2, H2_C2",32
"95","c14","H3_C2","H1_C2","H4_C2","H2_C2","P(c14 | G=C2)=1/24","H3_C2, H1_C2, H4_C2, H2_C2",33
"27","c10","H2_C2","H3_C2","H4_C2","H1_C2","P(c10 | G=C2)=1/24","H2_C2, H3_C2, H4_C2, H1_C2",34
"64","c12","H2_C2","H4_C2","H3_C2","H1_C2","P(c12 | G=C2)=1/24","H2_C2, H4_C2, H3_C2, H1_C2",35
"94","c14","H3_C2","H1_C2","H4_C2","H2_C2","P(c14 | G=C2)=1/24","H3_C2, H1_C2, H4_C2, H2_C2",36
"293","c23","H4_C2","H3_C2","H1_C2","H2_C2","P(c23 | G=C2)=1/24","H4_C2, H3_C2, H1_C2, H2_C2",37
"399","c7","H2_C2","H1_C2","H3_C2","H4_C2","P(c7 | G=C2)=1/24","H2_C2, H1_C2, H3_C2, H4_C2",38
"196","c19","H4_C2","H1_C2","H2_C2","H3_C2","P(c19 | G=C2)=1/24","H4_C2, H1_C2, H2_C2, H3_C2",39
"14","c1","H1_C2","H2_C2","H3_C2","H4_C2","P(c1 | G=C2)=1/24","H1_C2, H2_C2, H3_C2, H4_C2",40
"1","c1","H1_C2","H2_C2","H3_C2","H4_C2","P(c1 | G=C2)=1/24","H1_C2, H2_C2, H3_C2, H4_C2",41
"148","c16","H3_C2","H2_C2","H4_C2","H1_C2","P(c16 | G=C2)=1/24","H3_C2, H2_C2, H4_C2, H1_C2",42
"422","c9","H2_C2","H3_C2","H1_C2","H4_C2","P(c9 | G=C2)=1/24","H2_C2, H3_C2, H1_C2, H4_C2",43
"424","c9","H2_C2","H3_C2","H1_C2","H4_C2","P(c9 | G=C2)=1/24","H2_C2, H3_C2, H1_C2, H4_C2",44
"213","c2","H1_C2","H2_C2","H4_C2","H3_C2","P(c2 | G=C2)=1/24","H1_C2, H2_C2, H4_C2, H3_C2",45
"345","c4","H1_C2","H3_C2","H4_C2","H2_C2","P(c4 | G=C2)=1/24","H1_C2, H3_C2, H4_C2, H2_C2",46
"177","c18","H3_C2","H4_C2","H2_C2","H1_C2","P(c18 | G=C2)=1/24","H3_C2, H4_C2, H2_C2, H1_C2",47
"309","c3","H1_C2","H3_C2","H2_C2","H4_C2","P(c3 | G=C2)=1/24","H1_C2, H3_C2, H2_C2, H4_C2",48
"404","c8","H2_C2","H1_C2","H4_C2","H3_C2","P(c8 | G=C2)=1/24","H2_C2, H1_C2, H4_C2, H3_C2",49
"284","c23","H4_C2","H3_C2","H1_C2","H2_C2","P(c23 | G=C2)=1/24","H4_C2, H3_C2, H1_C2, H2_C2",50
"226","c20","H4_C2","H1_C2","H3_C2","H2_C2","P(c20 | G=C2)=1/24","H4_C2, H1_C2, H3_C2, H2_C2",51
"159","c17","H3_C2","H4_C2","H1_C2","H2_C2","P(c17 | G=C2)=1/24","H3_C2, H4_C2, H1_C2, H2_C2",52
"165","c17","H3_C2","H4_C2","H1_C2","H2_C2","P(c17 | G=C2)=1/24","H3_C2, H4_C2, H1_C2, H2_C2",53
"66","c13","H3_C2","H1_C2","H2_C2","H4_C2","P(c13 | G=C2)=1/24","H3_C2, H1_C2, H2_C2, H4_C2",54
"72","c13","H3_C2","H1_C2","H2_C2","H4_C2","P(c13 | G=C2)=1/24","H3_C2, H1_C2, H2_C2, H4_C2",55
"325","c3","H1_C2","H3_C2","H2_C2","H4_C2","P(c3 | G=C2)=1/24","H1_C2, H3_C2, H2_C2, H4_C2",56
"51","c12","H2_C2","H4_C2","H3_C2","H1_C2","P(c12 | G=C2)=1/24","H2_C2, H4_C2, H3_C2, H1_C2",57
"253","c21","H4_C2","H2_C2","H1_C2","H3_C2","P(c21 | G=C2)=1/24","H4_C2, H2_C2, H1_C2, H3_C2",58
"438","c9","H2_C2","H3_C2","H1_C2","H4_C2","P(c9 | G=C2)=1/24","H2_C2, H3_C2, H1_C2, H4_C2",59
"288","c23","H4_C2","H3_C2","H1_C2","H2_C2","P(c23 | G=C2)=1/24","H4_C2, H3_C2, H1_C2, H2_C2",60
"100","c14","H3_C2","H1_C2","H4_C2","H2_C2","P(c14 | G=C2)=1/24","H3_C2, H1_C2, H4_C2, H2_C2",61
"140","c16","H3_C2","H2_C2","H4_C2","H1_C2","P(c16 | G=C2)=1/24","H3_C2, H2_C2, H4_C2, H1_C2",62
"336","c4","H1_C2","H3_C2","H4_C2","H2_C2","P(c4 | G=C2)=1/24","H1_C2, H3_C2, H4_C2, H2_C2",63
"390","c7","H2_C2","H1_C2","H3_C2","H4_C2","P(c7 | G=C2)=1/24","H2_C2, H1_C2, H3_C2, H4_C2",64
"187","c18","H3_C2","H4_C2","H2_C2","H1_C2","P(c18 | G=C2)=1/24","H3_C2, H4_C2, H2_C2, H1_C2",65
"239","c20","H4_C2","H1_C2","H3_C2","H2_C2","P(c20 | G=C2)=1/24","H4_C2, H1_C2, H3_C2, H2_C2",66
"421","c9","H2_C2","H3_C2","H1_C2","H4_C2","P(c9 | G=C2)=1/24","H2_C2, H3_C2, H1_C2, H4_C2",67
"151","c16","H3_C2","H2_C2","H4_C2","H1_C2","P(c16 | G=C2)=1/24","H3_C2, H2_C2, H4_C2, H1_C2",68
"374","c6","H1_C2","H4_C2","H3_C2","H2_C2","P(c6 | G=C2)=1/24","H1_C2, H4_C2, H3_C2, H2_C2",69
"381","c7","H2_C2","H1_C2","H3_C2","H4_C2","P(c7 | G=C2)=1/24","H2_C2, H1_C2, H3_C2, H4_C2",70
"429","c9","H2_C2","H3_C2","H1_C2","H4_C2","P(c9 | G=C2)=1/24","H2_C2, H3_C2, H1_C2, H4_C2",71
"373","c6","H1_C2","H4_C2","H3_C2","H2_C2","P(c6 | G=C2)=1/24","H1_C2, H4_C2, H3_C2, H2_C2",72
"303","c24","H4_C2","H3_C2","H2_C2","H1_C2","P(c24 | G=C2)=1/24","H4_C2, H3_C2, H2_C2, H1_C2",73
"281","c23","H4_C2","H3_C2","H1_C2","H2_C2","P(c23 | G=C2)=1/24","H4_C2, H3_C2, H1_C2, H2_C2",74
"18","c1","H1_C2","H2_C2","H3_C2","H4_C2","P(c1 | G=C2)=1/24","H1_C2, H2_C2, H3_C2, H4_C2",75
"145","c16","H3_C2","H2_C2","H4_C2","H1_C2","P(c16 | G=C2)=1/24","H3_C2, H2_C2, H4_C2, H1_C2",76
"437","c9","H2_C2","H3_C2","H1_C2","H4_C2","P(c9 | G=C2)=1/24","H2_C2, H3_C2, H1_C2, H4_C2",77
"418","c8","H2_C2","H1_C2","H4_C2","H3_C2","P(c8 | G=C2)=1/24","H2_C2, H1_C2, H4_C2, H3_C2",78
"108","c14","H3_C2","H1_C2","H4_C2","H2_C2","P(c14 | G=C2)=1/24","H3_C2, H1_C2, H4_C2, H2_C2",79
"223","c2","H1_C2","H2_C2","H4_C2","H3_C2","P(c2 | G=C2)=1/24","H1_C2, H2_C2, H4_C2, H3_C2",80
"402","c8","H2_C2","H1_C2","H4_C2","H3_C2","P(c8 | G=C2)=1/24","H2_C2, H1_C2, H4_C2, H3_C2",81
"344","c4","H1_C2","H3_C2","H4_C2","H2_C2","P(c4 | G=C2)=1/24","H1_C2, H3_C2, H4_C2, H2_C2",82
"423","c9","H2_C2","H3_C2","H1_C2","H4_C2","P(c9 | G=C2)=1/24","H2_C2, H3_C2, H1_C2, H4_C2",83
"386","c7","H2_C2","H1_C2","H3_C2","H4_C2","P(c7 | G=C2)=1/24","H2_C2, H1_C2, H3_C2, H4_C2",84
"146","c16","H3_C2","H2_C2","H4_C2","H1_C2","P(c16 | G=C2)=1/24","H3_C2, H2_C2, H4_C2, H1_C2",85
"219","c2","H1_C2","H2_C2","H4_C2","H3_C2","P(c2 | G=C2)=1/24","H1_C2, H2_C2, H4_C2, H3_C2",86
"127","c15","H3_C2","H2_C2","H1_C2","H4_C2","P(c15 | G=C2)=1/24","H3_C2, H2_C2, H1_C2, H4_C2",87
"211","c2","H1_C2","H2_C2","H4_C2","H3_C2","P(c2 | G=C2)=1/24","H1_C2, H2_C2, H4_C2, H3_C2",88
"387","c7","H2_C2","H1_C2","H3_C2","H4_C2","P(c7 | G=C2)=1/24","H2_C2, H1_C2, H3_C2, H4_C2",89
"203","c19","H4_C2","H1_C2","H2_C2","H3_C2","P(c19 | G=C2)=1/24","H4_C2, H1_C2, H2_C2, H3_C2",90
"180","c18","H3_C2","H4_C2","H2_C2","H1_C2","P(c18 | G=C2)=1/24","H3_C2, H4_C2, H2_C2, H1_C2",91
"86","c13","H3_C2","H1_C2","H2_C2","H4_C2","P(c13 | G=C2)=1/24","H3_C2, H1_C2, H2_C2, H4_C2",92
"99","c14","H3_C2","H1_C2","H4_C2","H2_C2","P(c14 | G=C2)=1/24","H3_C2, H1_C2, H4_C2, H2_C2",93
"326","c3","H1_C2","H3_C2","H2_C2","H4_C2","P(c3 | G=C2)=1/24","H1_C2, H3_C2, H2_C2, H4_C2",94
"191","c19","H4_C2","H1_C2","H2_C2","H3_C2","P(c19 | G=C2)=1/24","H4_C2, H1_C2, H2_C2, H3_C2",95
"158","c17","H3_C2","H4_C2","H1_C2","H2_C2","P(c17 | G=C2)=1/24","H3_C2, H4_C2, H1_C2, H2_C2",96
"317","c3","H1_C2","H3_C2","H2_C2","H4_C2","P(c3 | G=C2)=1/24","H1_C2, H3_C2, H2_C2, H4_C2",97
"5","c1","H1_C2","H2_C2","H3_C2","H4_C2","P(c1 | G=C2)=1/24","H1_C2, H2_C2, H3_C2, H4_C2",98
"366","c6","H1_C2","H4_C2","H3_C2","H2_C2","P(c6 | G=C2)=1/24","H1_C2, H4_C2, H3_C2, H2_C2",99
"302","c24","H4_C2","H3_C2","H2_C2","H1_C2","P(c24 | G=C2)=1/24","H4_C2, H3_C2, H2_C2, H1_C2",100
"46","c11","H2_C2","H4_C2","H1_C2","H3_C2","P(c11 | G=C2)=1/24","H2_C2, H4_C2, H1_C2, H3_C2",101
"280","c23","H4_C2","H3_C2","H1_C2","H2_C2","P(c23 | G=C2)=1/24","H4_C2, H3_C2, H1_C2, H2_C2",102
"225","c20","H4_C2","H1_C2","H3_C2","H2_C2","P(c20 | G=C2)=1/24","H4_C2, H1_C2, H3_C2, H2_C2",103
"270","c22","H4_C2","H2_C2","H3_C2","H1_C2","P(c22 | G=C2)=1/24","H4_C2, H2_C2, H3_C2, H1_C2",104
"406","c8","H2_C2","H1_C2","H4_C2","H3_C2","P(c8 | G=C2)=1/24","H2_C2, H1_C2, H4_C2, H3_C2",105
"204","c19","H4_C2","H1_C2","H2_C2","H3_C2","P(c19 | G=C2)=1/24","H4_C2, H1_C2, H2_C2, H3_C2",106
"341","c4","H1_C2","H3_C2","H4_C2","H2_C2","P(c4 | G=C2)=1/24","H1_C2, H3_C2, H4_C2, H2_C2",107
"419","c8","H2_C2","H1_C2","H4_C2","H3_C2","P(c8 | G=C2)=1/24","H2_C2, H1_C2, H4_C2, H3_C2",108
"207","c19","H4_C2","H1_C2","H2_C2","H3_C2","P(c19 | G=C2)=1/24","H4_C2, H1_C2, H2_C2, H3_C2",109
"198","c19","H4_C2","H1_C2","H2_C2","H3_C2","P(c19 | G=C2)=1/24","H4_C2, H1_C2, H2_C2, H3_C2",110
"167","c17","H3_C2","H4_C2","H1_C2","H2_C2","P(c17 | G=C2)=1/24","H3_C2, H4_C2, H1_C2, H2_C2",111
"36","c10","H2_C2","H3_C2","H4_C2","H1_C2","P(c10 | G=C2)=1/24","H2_C2, H3_C2, H4_C2, H1_C2",112
"324","c3","H1_C2","H3_C2","H2_C2","H4_C2","P(c3 | G=C2)=1/24","H1_C2, H3_C2, H2_C2, H4_C2",113
"84","c13","H3_C2","H1_C2","H2_C2","H4_C2","P(c13 | G=C2)=1/24","H3_C2, H1_C2, H2_C2, H4_C2",114
"304","c24","H4_C2","H3_C2","H2_C2","H1_C2","P(c24 | G=C2)=1/24","H4_C2, H3_C2, H2_C2, H1_C2",115
"176","c18","H3_C2","H4_C2","H2_C2","H1_C2","P(c18 | G=C2)=1/24","H3_C2, H4_C2, H2_C2, H1_C2",116
"285","c23","H4_C2","H3_C2","H1_C2","H2_C2","P(c23 | G=C2)=1/24","H4_C2, H3_C2, H1_C2, H2_C2",117
"79","c13","H3_C2","H1_C2","H2_C2","H4_C2","P(c13 | G=C2)=1/24","H3_C2, H1_C2, H2_C2, H4_C2",118
"216","c2","H1_C2","H2_C2","H4_C2","H3_C2","P(c2 | G=C2)=1/24","H1_C2, H2_C2, H4_C2, H3_C2",119
"147","c16","H3_C2","H2_C2","H4_C2","H1_C2","P(c16 | G=C2)=1/24","H3_C2, H2_C2, H4_C2, H1_C2",120
"294","c24","H4_C2","H3_C2","H2_C2","H1_C2","P(c24 | G=C2)=1/24","H4_C2, H3_C2, H2_C2, H1_C2",121
"190","c19","H4_C2","H1_C2","H2_C2","H3_C2","P(c19 | G=C2)=1/24","H4_C2, H1_C2, H2_C2, H3_C2",122
"209","c2","H1_C2","H2_C2","H4_C2","H3_C2","P(c2 | G=C2)=1/24","H1_C2, H2_C2, H4_C2, H3_C2",123
"340","c4","H1_C2","H3_C2","H4_C2","H2_C2","P(c4 | G=C2)=1/24","H1_C2, H3_C2, H4_C2, H2_C2",124
"83","c13","H3_C2","H1_C2","H2_C2","H4_C2","P(c13 | G=C2)=1/24","H3_C2, H1_C2, H2_C2, H4_C2",125
"410","c8","H2_C2","H1_C2","H4_C2","H3_C2","P(c8 | G=C2)=1/24","H2_C2, H1_C2, H4_C2, H3_C2",126
"338","c4","H1_C2","H3_C2","H4_C2","H2_C2","P(c4 | G=C2)=1/24","H1_C2, H3_C2, H4_C2, H2_C2",127
"384","c7","H2_C2","H1_C2","H3_C2","H4_C2","P(c7 | G=C2)=1/24","H2_C2, H1_C2, H3_C2, H4_C2",128
"430","c9","H2_C2","H3_C2","H1_C2","H4_C2","P(c9 | G=C2)=1/24","H2_C2, H3_C2, H1_C2, H4_C2",129
"329","c4","H1_C2","H3_C2","H4_C2","H2_C2","P(c4 | G=C2)=1/24","H1_C2, H3_C2, H4_C2, H2_C2",130
"426","c9","H2_C2","H3_C2","H1_C2","H4_C2","P(c9 | G=C2)=1/24","H2_C2, H3_C2, H1_C2, H4_C2",131
"348","c5","H1_C2","H4_C2","H2_C2","H3_C2","P(c5 | G=C2)=1/24","H1_C2, H4_C2, H2_C2, H3_C2",132
"153","c16","H3_C2","H2_C2","H4_C2","H1_C2","P(c16 | G=C2)=1/24","H3_C2, H2_C2, H4_C2, H1_C2",133
"262","c21","H4_C2","H2_C2","H1_C2","H3_C2","P(c21 | G=C2)=1/24","H4_C2, H2_C2, H1_C2, H3_C2",134
"347","c4","H1_C2","H3_C2","H4_C2","H2_C2","P(c4 | G=C2)=1/24","H1_C2, H3_C2, H4_C2, H2_C2",135
"170","c18","H3_C2","H4_C2","H2_C2","H1_C2","P(c18 | G=C2)=1/24","H3_C2, H4_C2, H2_C2, H1_C2",136
"3","c1","H1_C2","H2_C2","H3_C2","H4_C2","P(c1 | G=C2)=1/24","H1_C2, H2_C2, H3_C2, H4_C2",137
"161","c17","H3_C2","H4_C2","H1_C2","H2_C2","P(c17 | G=C2)=1/24","H3_C2, H4_C2, H1_C2, H2_C2",138
"65","c12","H2_C2","H4_C2","H3_C2","H1_C2","P(c12 | G=C2)=1/24","H2_C2, H4_C2, H3_C2, H1_C2",139
"228","c20","H4_C2","H1_C2","H3_C2","H2_C2","P(c20 | G=C2)=1/24","H4_C2, H1_C2, H3_C2, H2_C2",140
"369","c6","H1_C2","H4_C2","H3_C2","H2_C2","P(c6 | G=C2)=1/24","H1_C2, H4_C2, H3_C2, H2_C2",141
"78","c13","H3_C2","H1_C2","H2_C2","H4_C2","P(c13 | G=C2)=1/24","H3_C2, H1_C2, H2_C2, H4_C2",142
"125","c15","H3_C2","H2_C2","H1_C2","H4_C2","P(c15 | G=C2)=1/24","H3_C2, H2_C2, H1_C2, H4_C2",143
"194","c19","H4_C2","H1_C2","H2_C2","H3_C2","P(c19 | G=C2)=1/24","H4_C2, H1_C2, H2_C2, H3_C2",144
"355","c5","H1_C2","H4_C2","H2_C2","H3_C2","P(c5 | G=C2)=1/24","H1_C2, H4_C2, H2_C2, H3_C2",145
"40","c11","H2_C2","H4_C2","H1_C2","H3_C2","P(c11 | G=C2)=1/24","H2_C2, H4_C2, H1_C2, H3_C2",146
"208","c19","H4_C2","H1_C2","H2_C2","H3_C2","P(c19 | G=C2)=1/24","H4_C2, H1_C2, H2_C2, H3_C2",147
"257","c21","H4_C2","H2_C2","H1_C2","H3_C2","P(c21 | G=C2)=1/24","H4_C2, H2_C2, H1_C2, H3_C2",148
"76","c13","H3_C2","H1_C2","H2_C2","H4_C2","P(c13 | G=C2)=1/24","H3_C2, H1_C2, H2_C2, H4_C2",149
"268","c22","H4_C2","H2_C2","H3_C2","H1_C2","P(c22 | G=C2)=1/24","H4_C2, H2_C2, H3_C2, H1_C2",150
"182","c18","H3_C2","H4_C2","H2_C2","H1_C2","P(c18 | G=C2)=1/24","H3_C2, H4_C2, H2_C2, H1_C2",151
"323","c3","H1_C2","H3_C2","H2_C2","H4_C2","P(c3 | G=C2)=1/24","H1_C2, H3_C2, H2_C2, H4_C2",152
"332","c4","H1_C2","H3_C2","H4_C2","H2_C2","P(c4 | G=C2)=1/24","H1_C2, H3_C2, H4_C2, H2_C2",153
"62","c12","H2_C2","H4_C2","H3_C2","H1_C2","P(c12 | G=C2)=1/24","H2_C2, H4_C2, H3_C2, H1_C2",154
"31","c10","H2_C2","H3_C2","H4_C2","H1_C2","P(c10 | G=C2)=1/24","H2_C2, H3_C2, H4_C2, H1_C2",155
"117","c15","H3_C2","H2_C2","H1_C2","H4_C2","P(c15 | G=C2)=1/24","H3_C2, H2_C2, H1_C2, H4_C2",156
"154","c16","H3_C2","H2_C2","H4_C2","H1_C2","P(c16 | G=C2)=1/24","H3_C2, H2_C2, H4_C2, H1_C2",157
"375","c6","H1_C2","H4_C2","H3_C2","H2_C2","P(c6 | G=C2)=1/24","H1_C2, H4_C2, H3_C2, H2_C2",158
"59","c12","H2_C2","H4_C2","H3_C2","H1_C2","P(c12 | G=C2)=1/24","H2_C2, H4_C2, H3_C2, H1_C2",159
"120","c15","H3_C2","H2_C2","H1_C2","H4_C2","P(c15 | G=C2)=1/24","H3_C2, H2_C2, H1_C2, H4_C2",160
"278","c23","H4_C2","H3_C2","H1_C2","H2_C2","P(c23 | G=C2)=1/24","H4_C2, H3_C2, H1_C2, H2_C2",161
"289","c23","H4_C2","H3_C2","H1_C2","H2_C2","P(c23 | G=C2)=1/24","H4_C2, H3_C2, H1_C2, H2_C2",162
"2","c1","H1_C2","H2_C2","H3_C2","H4_C2","P(c1 | G=C2)=1/24","H1_C2, H2_C2, H3_C2, H4_C2",163
"370","c6","H1_C2","H4_C2","H3_C2","H2_C2","P(c6 | G=C2)=1/24","H1_C2, H4_C2, H3_C2, H2_C2",164
"195","c19","H4_C2","H1_C2","H2_C2","H3_C2","P(c19 | G=C2)=1/24","H4_C2, H1_C2, H2_C2, H3_C2",165
"327","c3","H1_C2","H3_C2","H2_C2","H4_C2","P(c3 | G=C2)=1/24","H1_C2, H3_C2, H2_C2, H4_C2",166
"81","c13","H3_C2","H1_C2","H2_C2","H4_C2","P(c13 | G=C2)=1/24","H3_C2, H1_C2, H2_C2, H4_C2",167
"315","c3","H1_C2","H3_C2","H2_C2","H4_C2","P(c3 | G=C2)=1/24","H1_C2, H3_C2, H2_C2, H4_C2",168
"233","c20","H4_C2","H1_C2","H3_C2","H2_C2","P(c20 | G=C2)=1/24","H4_C2, H1_C2, H3_C2, H2_C2",169
"250","c21","H4_C2","H2_C2","H1_C2","H3_C2","P(c21 | G=C2)=1/24","H4_C2, H2_C2, H1_C2, H3_C2",170
"52","c12","H2_C2","H4_C2","H3_C2","H1_C2","P(c12 | G=C2)=1/24","H2_C2, H4_C2, H3_C2, H1_C2",171
"339","c4","H1_C2","H3_C2","H4_C2","H2_C2","P(c4 | G=C2)=1/24","H1_C2, H3_C2, H4_C2, H2_C2",172
"4","c1","H1_C2","H2_C2","H3_C2","H4_C2","P(c1 | G=C2)=1/24","H1_C2, H2_C2, H3_C2, H4_C2",173
"205","c19","H4_C2","H1_C2","H2_C2","H3_C2","P(c19 | G=C2)=1/24","H4_C2, H1_C2, H2_C2, H3_C2",174
"142","c16","H3_C2","H2_C2","H4_C2","H1_C2","P(c16 | G=C2)=1/24","H3_C2, H2_C2, H4_C2, H1_C2",175
"155","c16","H3_C2","H2_C2","H4_C2","H1_C2","P(c16 | G=C2)=1/24","H3_C2, H2_C2, H4_C2, H1_C2",176
"19","c10","H2_C2","H3_C2","H4_C2","H1_C2","P(c10 | G=C2)=1/24","H2_C2, H3_C2, H4_C2, H1_C2",177
"188","c18","H3_C2","H4_C2","H2_C2","H1_C2","P(c18 | G=C2)=1/24","H3_C2, H4_C2, H2_C2, H1_C2",178
"333","c4","H1_C2","H3_C2","H4_C2","H2_C2","P(c4 | G=C2)=1/24","H1_C2, H3_C2, H4_C2, H2_C2",179
"218","c2","H1_C2","H2_C2","H4_C2","H3_C2","P(c2 | G=C2)=1/24","H1_C2, H2_C2, H4_C2, H3_C2",180
"397","c7","H2_C2","H1_C2","H3_C2","H4_C2","P(c7 | G=C2)=1/24","H2_C2, H1_C2, H3_C2, H4_C2",181
"335","c4","H1_C2","H3_C2","H4_C2","H2_C2","P(c4 | G=C2)=1/24","H1_C2, H3_C2, H4_C2, H2_C2",182
"70","c13","H3_C2","H1_C2","H2_C2","H4_C2","P(c13 | G=C2)=1/24","H3_C2, H1_C2, H2_C2, H4_C2",183
"417","c8","H2_C2","H1_C2","H4_C2","H3_C2","P(c8 | G=C2)=1/24","H2_C2, H1_C2, H4_C2, H3_C2",184
"306","c24","H4_C2","H3_C2","H2_C2","H1_C2","P(c24 | G=C2)=1/24","H4_C2, H3_C2, H2_C2, H1_C2",185
"393","c7","H2_C2","H1_C2","H3_C2","H4_C2","P(c7 | G=C2)=1/24","H2_C2, H1_C2, H3_C2, H4_C2",186
"101","c14","H3_C2","H1_C2","H4_C2","H2_C2","P(c14 | G=C2)=1/24","H3_C2, H1_C2, H4_C2, H2_C2",187
"116","c15","H3_C2","H2_C2","H1_C2","H4_C2","P(c15 | G=C2)=1/24","H3_C2, H2_C2, H1_C2, H4_C2",188
"334","c4","H1_C2","H3_C2","H4_C2","H2_C2","P(c4 | G=C2)=1/24","H1_C2, H3_C2, H4_C2, H2_C2",189
"80","c13","H3_C2","H1_C2","H2_C2","H4_C2","P(c13 | G=C2)=1/24","H3_C2, H1_C2, H2_C2, H4_C2",190
"300","c24","H4_C2","H3_C2","H2_C2","H1_C2","P(c24 | G=C2)=1/24","H4_C2, H3_C2, H2_C2, H1_C2",191
"34","c10","H2_C2","H3_C2","H4_C2","H1_C2","P(c10 | G=C2)=1/24","H2_C2, H3_C2, H4_C2, H1_C2",192
"413","c8","H2_C2","H1_C2","H4_C2","H3_C2","P(c8 | G=C2)=1/24","H2_C2, H1_C2, H4_C2, H3_C2",193
"261","c21","H4_C2","H2_C2","H1_C2","H3_C2","P(c21 | G=C2)=1/24","H4_C2, H2_C2, H1_C2, H3_C2",194
"352","c5","H1_C2","H4_C2","H2_C2","H3_C2","P(c5 | G=C2)=1/24","H1_C2, H4_C2, H2_C2, H3_C2",195
"201","c19","H4_C2","H1_C2","H2_C2","H3_C2","P(c19 | G=C2)=1/24","H4_C2, H1_C2, H2_C2, H3_C2",196
"312","c3","H1_C2","H3_C2","H2_C2","H4_C2","P(c3 | G=C2)=1/24","H1_C2, H3_C2, H2_C2, H4_C2",197
"136","c15","H3_C2","H2_C2","H1_C2","H4_C2","P(c15 | G=C2)=1/24","H3_C2, H2_C2, H1_C2, H4_C2",198
"392","c7","H2_C2","H1_C2","H3_C2","H4_C2","P(c7 | G=C2)=1/24","H2_C2, H1_C2, H3_C2, H4_C2",199
"97","c14","H3_C2","H1_C2","H4_C2","H2_C2","P(c14 | G=C2)=1/24","H3_C2, H1_C2, H4_C2, H2_C2",200
"299","c24","H4_C2","H3_C2","H2_C2","H1_C2","P(c24 | G=C2)=1/24","H4_C2, H3_C2, H2_C2, H1_C2",201
"163","c17","H3_C2","H4_C2","H1_C2","H2_C2","P(c17 | G=C2)=1/24","H3_C2, H4_C2, H1_C2, H2_C2",202
"229","c20","H4_C2","H1_C2","H3_C2","H2_C2","P(c20 | G=C2)=1/24","H4_C2, H1_C2, H3_C2, H2_C2",203
"231","c20","H4_C2","H1_C2","H3_C2","H2_C2","P(c20 | G=C2)=1/24","H4_C2, H1_C2, H3_C2, H2_C2",204
"202","c19","H4_C2","H1_C2","H2_C2","H3_C2","P(c19 | G=C2)=1/24","H4_C2, H1_C2, H2_C2, H3_C2",205
"274","c22","H4_C2","H2_C2","H3_C2","H1_C2","P(c22 | G=C2)=1/24","H4_C2, H2_C2, H3_C2, H1_C2",206
"106","c14","H3_C2","H1_C2","H4_C2","H2_C2","P(c14 | G=C2)=1/24","H3_C2, H1_C2, H4_C2, H2_C2",207
"398","c7","H2_C2","H1_C2","H3_C2","H4_C2","P(c7 | G=C2)=1/24","H2_C2, H1_C2, H3_C2, H4_C2",208
"122","c15","H3_C2","H2_C2","H1_C2","H4_C2","P(c15 | G=C2)=1/24","H3_C2, H2_C2, H1_C2, H4_C2",209
"39","c11","H2_C2","H4_C2","H1_C2","H3_C2","P(c11 | G=C2)=1/24","H2_C2, H4_C2, H1_C2, H3_C2",210
"185","c18","H3_C2","H4_C2","H2_C2","H1_C2","P(c18 | G=C2)=1/24","H3_C2, H4_C2, H2_C2, H1_C2",211
"241","c20","H4_C2","H1_C2","H3_C2","H2_C2","P(c20 | G=C2)=1/24","H4_C2, H1_C2, H3_C2, H2_C2",212
"137","c15","H3_C2","H2_C2","H1_C2","H4_C2","P(c15 | G=C2)=1/24","H3_C2, H2_C2, H1_C2, H4_C2",213
"264","c22","H4_C2","H2_C2","H3_C2","H1_C2","P(c22 | G=C2)=1/24","H4_C2, H2_C2, H3_C2, H1_C2",214
"96","c14","H3_C2","H1_C2","H4_C2","H2_C2","P(c14 | G=C2)=1/24","H3_C2, H1_C2, H4_C2, H2_C2",215
"276","c22","H4_C2","H2_C2","H3_C2","H1_C2","P(c22 | G=C2)=1/24","H4_C2, H2_C2, H3_C2, H1_C2",216
"238","c20","H4_C2","H1_C2","H3_C2","H2_C2","P(c20 | G=C2)=1/24","H4_C2, H1_C2, H3_C2, H2_C2",217
"82","c13","H3_C2","H1_C2","H2_C2","H4_C2","P(c13 | G=C2)=1/24","H3_C2, H1_C2, H2_C2, H4_C2",218
"48","c11","H2_C2","H4_C2","H1_C2","H3_C2","P(c11 | G=C2)=1/24","H2_C2, H4_C2, H1_C2, H3_C2",219
"292","c23","H4_C2","H3_C2","H1_C2","H2_C2","P(c23 | G=C2)=1/24","H4_C2, H3_C2, H1_C2, H2_C2",220
"124","c15","H3_C2","H2_C2","H1_C2","H4_C2","P(c15 | G=C2)=1/24","H3_C2, H2_C2, H1_C2, H4_C2",221
"403","c8","H2_C2","H1_C2","H4_C2","H3_C2","P(c8 | G=C2)=1/24","H2_C2, H1_C2, H4_C2, H3_C2",222
"351","c5","H1_C2","H4_C2","H2_C2","H3_C2","P(c5 | G=C2)=1/24","H1_C2, H4_C2, H2_C2, H3_C2",223
"10","c1","H1_C2","H2_C2","H3_C2","H4_C2","P(c1 | G=C2)=1/24","H1_C2, H2_C2, H3_C2, H4_C2",224
"291","c23","H4_C2","H3_C2","H1_C2","H2_C2","P(c23 | G=C2)=1/24","H4_C2, H3_C2, H1_C2, H2_C2",225
"92","c13","H3_C2","H1_C2","H2_C2","H4_C2","P(c13 | G=C2)=1/24","H3_C2, H1_C2, H2_C2, H4_C2",226
"286","c23","H4_C2","H3_C2","H1_C2","H2_C2","P(c23 | G=C2)=1/24","H4_C2, H3_C2, H1_C2, H2_C2",227
"123","c15","H3_C2","H2_C2","H1_C2","H4_C2","P(c15 | G=C2)=1/24","H3_C2, H2_C2, H1_C2, H4_C2",228
"11","c1","H1_C2","H2_C2","H3_C2","H4_C2","P(c1 | G=C2)=1/24","H1_C2, H2_C2, H3_C2, H4_C2",229
"215","c2","H1_C2","H2_C2","H4_C2","H3_C2","P(c2 | G=C2)=1/24","H1_C2, H2_C2, H4_C2, H3_C2",230
"20","c10","H2_C2","H3_C2","H4_C2","H1_C2","P(c10 | G=C2)=1/24","H2_C2, H3_C2, H4_C2, H1_C2",231
"221","c2","H1_C2","H2_C2","H4_C2","H3_C2","P(c2 | G=C2)=1/24","H1_C2, H2_C2, H4_C2, H3_C2",232
"179","c18","H3_C2","H4_C2","H2_C2","H1_C2","P(c18 | G=C2)=1/24","H3_C2, H4_C2, H2_C2, H1_C2",233
"75","c13","H3_C2","H1_C2","H2_C2","H4_C2","P(c13 | G=C2)=1/24","H3_C2, H1_C2, H2_C2, H4_C2",234
"164","c17","H3_C2","H4_C2","H1_C2","H2_C2","P(c17 | G=C2)=1/24","H3_C2, H4_C2, H1_C2, H2_C2",235
"169","c18","H3_C2","H4_C2","H2_C2","H1_C2","P(c18 | G=C2)=1/24","H3_C2, H4_C2, H2_C2, H1_C2",236
"193","c19","H4_C2","H1_C2","H2_C2","H3_C2","P(c19 | G=C2)=1/24","H4_C2, H1_C2, H2_C2, H3_C2",237
"247","c20","H4_C2","H1_C2","H3_C2","H2_C2","P(c20 | G=C2)=1/24","H4_C2, H1_C2, H3_C2, H2_C2",238
"416","c8","H2_C2","H1_C2","H4_C2","H3_C2","P(c8 | G=C2)=1/24","H2_C2, H1_C2, H4_C2, H3_C2",239
"129","c15","H3_C2","H2_C2","H1_C2","H4_C2","P(c15 | G=C2)=1/24","H3_C2, H2_C2, H1_C2, H4_C2",240
"322","c3","H1_C2","H3_C2","H2_C2","H4_C2","P(c3 | G=C2)=1/24","H1_C2, H3_C2, H2_C2, H4_C2",241
"362","c5","H1_C2","H4_C2","H2_C2","H3_C2","P(c5 | G=C2)=1/24","H1_C2, H4_C2, H2_C2, H3_C2",242
"118","c15","H3_C2","H2_C2","H1_C2","H4_C2","P(c15 | G=C2)=1/24","H3_C2, H2_C2, H1_C2, H4_C2",243
"132","c15","H3_C2","H2_C2","H1_C2","H4_C2","P(c15 | G=C2)=1/24","H3_C2, H2_C2, H1_C2, H4_C2",244
"214","c2","H1_C2","H2_C2","H4_C2","H3_C2","P(c2 | G=C2)=1/24","H1_C2, H2_C2, H4_C2, H3_C2",245
"166","c17","H3_C2","H4_C2","H1_C2","H2_C2","P(c17 | G=C2)=1/24","H3_C2, H4_C2, H1_C2, H2_C2",246
"172","c18","H3_C2","H4_C2","H2_C2","H1_C2","P(c18 | G=C2)=1/24","H3_C2, H4_C2, H2_C2, H1_C2",247
"6","c1","H1_C2","H2_C2","H3_C2","H4_C2","P(c1 | G=C2)=1/24","H1_C2, H2_C2, H3_C2, H4_C2",248
"197","c19","H4_C2","H1_C2","H2_C2","H3_C2","P(c19 | G=C2)=1/24","H4_C2, H1_C2, H2_C2, H3_C2",249
"425","c9","H2_C2","H3_C2","H1_C2","H4_C2","P(c9 | G=C2)=1/24","H2_C2, H3_C2, H1_C2, H4_C2",250
"9","c1","H1_C2","H2_C2","H3_C2","H4_C2","P(c1 | G=C2)=1/24","H1_C2, H2_C2, H3_C2, H4_C2",251
"283","c23","H4_C2","H3_C2","H1_C2","H2_C2","P(c23 | G=C2)=1/24","H4_C2, H3_C2, H1_C2, H2_C2",252
"245","c20","H4_C2","H1_C2","H3_C2","H2_C2","P(c20 | G=C2)=1/24","H4_C2, H1_C2, H3_C2, H2_C2",253
"358","c5","H1_C2","H4_C2","H2_C2","H3_C2","P(c5 | G=C2)=1/24","H1_C2, H4_C2, H2_C2, H3_C2",254
"23","c10","H2_C2","H3_C2","H4_C2","H1_C2","P(c10 | G=C2)=1/24","H2_C2, H3_C2, H4_C2, H1_C2",255
"21","c10","H2_C2","H3_C2","H4_C2","H1_C2","P(c10 | G=C2)=1/24","H2_C2, H3_C2, H4_C2, H1_C2",256
"394","c7","H2_C2","H1_C2","H3_C2","H4_C2","P(c7 | G=C2)=1/24","H2_C2, H1_C2, H3_C2, H4_C2",257
"189","c18","H3_C2","H4_C2","H2_C2","H1_C2","P(c18 | G=C2)=1/24","H3_C2, H4_C2, H2_C2, H1_C2",258
"157","c17","H3_C2","H4_C2","H1_C2","H2_C2","P(c17 | G=C2)=1/24","H3_C2, H4_C2, H1_C2, H2_C2",259
"396","c7","H2_C2","H1_C2","H3_C2","H4_C2","P(c7 | G=C2)=1/24","H2_C2, H1_C2, H3_C2, H4_C2",260
"263","c22","H4_C2","H2_C2","H3_C2","H1_C2","P(c22 | G=C2)=1/24","H4_C2, H2_C2, H3_C2, H1_C2",261
"254","c21","H4_C2","H2_C2","H1_C2","H3_C2","P(c21 | G=C2)=1/24","H4_C2, H2_C2, H1_C2, H3_C2",262
"287","c23","H4_C2","H3_C2","H1_C2","H2_C2","P(c23 | G=C2)=1/24","H4_C2, H3_C2, H1_C2, H2_C2",263
"16","c1","H1_C2","H2_C2","H3_C2","H4_C2","P(c1 | G=C2)=1/24","H1_C2, H2_C2, H3_C2, H4_C2",264
"310","c3","H1_C2","H3_C2","H2_C2","H4_C2","P(c3 | G=C2)=1/24","H1_C2, H3_C2, H2_C2, H4_C2",265
"267","c22","H4_C2","H2_C2","H3_C2","H1_C2","P(c22 | G=C2)=1/24","H4_C2, H2_C2, H3_C2, H1_C2",266
"409","c8","H2_C2","H1_C2","H4_C2","H3_C2","P(c8 | G=C2)=1/24","H2_C2, H1_C2, H4_C2, H3_C2",267
"405","c8","H2_C2","H1_C2","H4_C2","H3_C2","P(c8 | G=C2)=1/24","H2_C2, H1_C2, H4_C2, H3_C2",268
"98","c14","H3_C2","H1_C2","H4_C2","H2_C2","P(c14 | G=C2)=1/24","H3_C2, H1_C2, H4_C2, H2_C2",269
"346","c4","H1_C2","H3_C2","H4_C2","H2_C2","P(c4 | G=C2)=1/24","H1_C2, H3_C2, H4_C2, H2_C2",270
"71","c13","H3_C2","H1_C2","H2_C2","H4_C2","P(c13 | G=C2)=1/24","H3_C2, H1_C2, H2_C2, H4_C2",271
"68","c13","H3_C2","H1_C2","H2_C2","H4_C2","P(c13 | G=C2)=1/24","H3_C2, H1_C2, H2_C2, H4_C2",272
"412","c8","H2_C2","H1_C2","H4_C2","H3_C2","P(c8 | G=C2)=1/24","H2_C2, H1_C2, H4_C2, H3_C2",273
"61","c12","H2_C2","H4_C2","H3_C2","H1_C2","P(c12 | G=C2)=1/24","H2_C2, H4_C2, H3_C2, H1_C2",274
"7","c1","H1_C2","H2_C2","H3_C2","H4_C2","P(c1 | G=C2)=1/24","H1_C2, H2_C2, H3_C2, H4_C2",275
"45","c11","H2_C2","H4_C2","H1_C2","H3_C2","P(c11 | G=C2)=1/24","H2_C2, H4_C2, H1_C2, H3_C2",276
"25","c10","H2_C2","H3_C2","H4_C2","H1_C2","P(c10 | G=C2)=1/24","H2_C2, H3_C2, H4_C2, H1_C2",277
"440","c9","H2_C2","H3_C2","H1_C2","H4_C2","P(c9 | G=C2)=1/24","H2_C2, H3_C2, H1_C2, H4_C2",278
"314","c3","H1_C2","H3_C2","H2_C2","H4_C2","P(c3 | G=C2)=1/24","H1_C2, H3_C2, H2_C2, H4_C2",279
"130","c15","H3_C2","H2_C2","H1_C2","H4_C2","P(c15 | G=C2)=1/24","H3_C2, H2_C2, H1_C2, H4_C2",280
"77","c13","H3_C2","H1_C2","H2_C2","H4_C2","P(c13 | G=C2)=1/24","H3_C2, H1_C2, H2_C2, H4_C2",281
"128","c15","H3_C2","H2_C2","H1_C2","H4_C2","P(c15 | G=C2)=1/24","H3_C2, H2_C2, H1_C2, H4_C2",282
"357","c5","H1_C2","H4_C2","H2_C2","H3_C2","P(c5 | G=C2)=1/24","H1_C2, H4_C2, H2_C2, H3_C2",283
"297","c24","H4_C2","H3_C2","H2_C2","H1_C2","P(c24 | G=C2)=1/24","H4_C2, H3_C2, H2_C2, H1_C2",284
"44","c11","H2_C2","H4_C2","H1_C2","H3_C2","P(c11 | G=C2)=1/24","H2_C2, H4_C2, H1_C2, H3_C2",285
"295","c24","H4_C2","H3_C2","H2_C2","H1_C2","P(c24 | G=C2)=1/24","H4_C2, H3_C2, H2_C2, H1_C2",286
"365","c6","H1_C2","H4_C2","H3_C2","H2_C2","P(c6 | G=C2)=1/24","H1_C2, H4_C2, H3_C2, H2_C2",287
"435","c9","H2_C2","H3_C2","H1_C2","H4_C2","P(c9 | G=C2)=1/24","H2_C2, H3_C2, H1_C2, H4_C2",288
"433","c9","H2_C2","H3_C2","H1_C2","H4_C2","P(c9 | G=C2)=1/24","H2_C2, H3_C2, H1_C2, H4_C2",289
"103","c14","H3_C2","H1_C2","H4_C2","H2_C2","P(c14 | G=C2)=1/24","H3_C2, H1_C2, H4_C2, H2_C2",290
"428","c9","H2_C2","H3_C2","H1_C2","H4_C2","P(c9 | G=C2)=1/24","H2_C2, H3_C2, H1_C2, H4_C2",291
"138","c15","H3_C2","H2_C2","H1_C2","H4_C2","P(c15 | G=C2)=1/24","H3_C2, H2_C2, H1_C2, H4_C2",292
"273","c22","H4_C2","H2_C2","H3_C2","H1_C2","P(c22 | G=C2)=1/24","H4_C2, H2_C2, H3_C2, H1_C2",293
"38","c11","H2_C2","H4_C2","H1_C2","H3_C2","P(c11 | G=C2)=1/24","H2_C2, H4_C2, H1_C2, H3_C2",294
"192","c19","H4_C2","H1_C2","H2_C2","H3_C2","P(c19 | G=C2)=1/24","H4_C2, H1_C2, H2_C2, H3_C2",295
"256","c21","H4_C2","H2_C2","H1_C2","H3_C2","P(c21 | G=C2)=1/24","H4_C2, H2_C2, H1_C2, H3_C2",296
"24","c10","H2_C2","H3_C2","H4_C2","H1_C2","P(c10 | G=C2)=1/24","H2_C2, H3_C2, H4_C2, H1_C2",297
"107","c14","H3_C2","H1_C2","H4_C2","H2_C2","P(c14 | G=C2)=1/24","H3_C2, H1_C2, H4_C2, H2_C2",298
"311","c3","H1_C2","H3_C2","H2_C2","H4_C2","P(c3 | G=C2)=1/24","H1_C2, H3_C2, H2_C2, H4_C2",299
"105","c14","H3_C2","H1_C2","H4_C2","H2_C2","P(c14 | G=C2)=1/24","H3_C2, H1_C2, H4_C2, H2_C2",300
"252","c21","H4_C2","H2_C2","H1_C2","H3_C2","P(c21 | G=C2)=1/24","H4_C2, H2_C2, H1_C2, H3_C2",301
"113","c14","H3_C2","H1_C2","H4_C2","H2_C2","P(c14 | G=C2)=1/24","H3_C2, H1_C2, H4_C2, H2_C2",302
"212","c2","H1_C2","H2_C2","H4_C2","H3_C2","P(c2 | G=C2)=1/24","H1_C2, H2_C2, H4_C2, H3_C2",303
"379","c6","H1_C2","H4_C2","H3_C2","H2_C2","P(c6 | G=C2)=1/24","H1_C2, H4_C2, H3_C2, H2_C2",304
"316","c3","H1_C2","H3_C2","H2_C2","H4_C2","P(c3 | G=C2)=1/24","H1_C2, H3_C2, H2_C2, H4_C2",305
"307","c24","H4_C2","H3_C2","H2_C2","H1_C2","P(c24 | G=C2)=1/24","H4_C2, H3_C2, H2_C2, H1_C2",306
"367","c6","H1_C2","H4_C2","H3_C2","H2_C2","P(c6 | G=C2)=1/24","H1_C2, H4_C2, H3_C2, H2_C2",307
"431","c9","H2_C2","H3_C2","H1_C2","H4_C2","P(c9 | G=C2)=1/24","H2_C2, H3_C2, H1_C2, H4_C2",308
"331","c4","H1_C2","H3_C2","H4_C2","H2_C2","P(c4 | G=C2)=1/24","H1_C2, H3_C2, H4_C2, H2_C2",309
"210","c2","H1_C2","H2_C2","H4_C2","H3_C2","P(c2 | G=C2)=1/24","H1_C2, H2_C2, H4_C2, H3_C2",310
"354","c5","H1_C2","H4_C2","H2_C2","H3_C2","P(c5 | G=C2)=1/24","H1_C2, H4_C2, H2_C2, H3_C2",311
"320","c3","H1_C2","H3_C2","H2_C2","H4_C2","P(c3 | G=C2)=1/24","H1_C2, H3_C2, H2_C2, H4_C2",312
"275","c22","H4_C2","H2_C2","H3_C2","H1_C2","P(c22 | G=C2)=1/24","H4_C2, H2_C2, H3_C2, H1_C2",313
"359","c5","H1_C2","H4_C2","H2_C2","H3_C2","P(c5 | G=C2)=1/24","H1_C2, H4_C2, H2_C2, H3_C2",314
"47","c11","H2_C2","H4_C2","H1_C2","H3_C2","P(c11 | G=C2)=1/24","H2_C2, H4_C2, H1_C2, H3_C2",315
"230","c20","H4_C2","H1_C2","H3_C2","H2_C2","P(c20 | G=C2)=1/24","H4_C2, H1_C2, H3_C2, H2_C2",316
"376","c6","H1_C2","H4_C2","H3_C2","H2_C2","P(c6 | G=C2)=1/24","H1_C2, H4_C2, H3_C2, H2_C2",317
"152","c16","H3_C2","H2_C2","H4_C2","H1_C2","P(c16 | G=C2)=1/24","H3_C2, H2_C2, H4_C2, H1_C2",318
"183","c18","H3_C2","H4_C2","H2_C2","H1_C2","P(c18 | G=C2)=1/24","H3_C2, H4_C2, H2_C2, H1_C2",319
"383","c7","H2_C2","H1_C2","H3_C2","H4_C2","P(c7 | G=C2)=1/24","H2_C2, H1_C2, H3_C2, H4_C2",320
"102","c14","H3_C2","H1_C2","H4_C2","H2_C2","P(c14 | G=C2)=1/24","H3_C2, H1_C2, H4_C2, H2_C2",321
"12","c1","H1_C2","H2_C2","H3_C2","H4_C2","P(c1 | G=C2)=1/24","H1_C2, H2_C2, H3_C2, H4_C2",322
"328","c3","H1_C2","H3_C2","H2_C2","H4_C2","P(c3 | G=C2)=1/24","H1_C2, H3_C2, H2_C2, H4_C2",323
"53","c12","H2_C2","H4_C2","H3_C2","H1_C2","P(c12 | G=C2)=1/24","H2_C2, H4_C2, H3_C2, H1_C2",324
"395","c7","H2_C2","H1_C2","H3_C2","H4_C2","P(c7 | G=C2)=1/24","H2_C2, H1_C2, H3_C2, H4_C2",325
"58","c12","H2_C2","H4_C2","H3_C2","H1_C2","P(c12 | G=C2)=1/24","H2_C2, H4_C2, H3_C2, H1_C2",326
"160","c17","H3_C2","H4_C2","H1_C2","H2_C2","P(c17 | G=C2)=1/24","H3_C2, H4_C2, H1_C2, H2_C2",327
"8","c1","H1_C2","H2_C2","H3_C2","H4_C2","P(c1 | G=C2)=1/24","H1_C2, H2_C2, H3_C2, H4_C2",328
"301","c24","H4_C2","H3_C2","H2_C2","H1_C2","P(c24 | G=C2)=1/24","H4_C2, H3_C2, H2_C2, H1_C2",329
"414","c8","H2_C2","H1_C2","H4_C2","H3_C2","P(c8 | G=C2)=1/24","H2_C2, H1_C2, H4_C2, H3_C2",330
"282","c23","H4_C2","H3_C2","H1_C2","H2_C2","P(c23 | G=C2)=1/24","H4_C2, H3_C2, H1_C2, H2_C2",331
"150","c16","H3_C2","H2_C2","H4_C2","H1_C2","P(c16 | G=C2)=1/24","H3_C2, H2_C2, H4_C2, H1_C2",332
"234","c20","H4_C2","H1_C2","H3_C2","H2_C2","P(c20 | G=C2)=1/24","H4_C2, H1_C2, H3_C2, H2_C2",333
"337","c4","H1_C2","H3_C2","H4_C2","H2_C2","P(c4 | G=C2)=1/24","H1_C2, H3_C2, H4_C2, H2_C2",334
"54","c12","H2_C2","H4_C2","H3_C2","H1_C2","P(c12 | G=C2)=1/24","H2_C2, H4_C2, H3_C2, H1_C2",335
"364","c5","H1_C2","H4_C2","H2_C2","H3_C2","P(c5 | G=C2)=1/24","H1_C2, H4_C2, H2_C2, H3_C2",336
"222","c2","H1_C2","H2_C2","H4_C2","H3_C2","P(c2 | G=C2)=1/24","H1_C2, H2_C2, H4_C2, H3_C2",337
"258","c21","H4_C2","H2_C2","H1_C2","H3_C2","P(c21 | G=C2)=1/24","H4_C2, H2_C2, H1_C2, H3_C2",338
"378","c6","H1_C2","H4_C2","H3_C2","H2_C2","P(c6 | G=C2)=1/24","H1_C2, H4_C2, H3_C2, H2_C2",339
"28","c10","H2_C2","H3_C2","H4_C2","H1_C2","P(c10 | G=C2)=1/24","H2_C2, H3_C2, H4_C2, H1_C2",340
"26","c10","H2_C2","H3_C2","H4_C2","H1_C2","P(c10 | G=C2)=1/24","H2_C2, H3_C2, H4_C2, H1_C2",341
"279","c23","H4_C2","H3_C2","H1_C2","H2_C2","P(c23 | G=C2)=1/24","H4_C2, H3_C2, H1_C2, H2_C2",342
"168","c17","H3_C2","H4_C2","H1_C2","H2_C2","P(c17 | G=C2)=1/24","H3_C2, H4_C2, H1_C2, H2_C2",343
"240","c20","H4_C2","H1_C2","H3_C2","H2_C2","P(c20 | G=C2)=1/24","H4_C2, H1_C2, H3_C2, H2_C2",344
"69","c13","H3_C2","H1_C2","H2_C2","H4_C2","P(c13 | G=C2)=1/24","H3_C2, H1_C2, H2_C2, H4_C2",345
"115","c15","H3_C2","H2_C2","H1_C2","H4_C2","P(c15 | G=C2)=1/24","H3_C2, H2_C2, H1_C2, H4_C2",346
"74","c13","H3_C2","H1_C2","H2_C2","H4_C2","P(c13 | G=C2)=1/24","H3_C2, H1_C2, H2_C2, H4_C2",347
"162","c17","H3_C2","H4_C2","H1_C2","H2_C2","P(c17 | G=C2)=1/24","H3_C2, H4_C2, H1_C2, H2_C2",348
"296","c24","H4_C2","H3_C2","H2_C2","H1_C2","P(c24 | G=C2)=1/24","H4_C2, H3_C2, H2_C2, H1_C2",349
"88","c13","H3_C2","H1_C2","H2_C2","H4_C2","P(c13 | G=C2)=1/24","H3_C2, H1_C2, H2_C2, H4_C2",350
"156","c16","H3_C2","H2_C2","H4_C2","H1_C2","P(c16 | G=C2)=1/24","H3_C2, H2_C2, H4_C2, H1_C2",351
"90","c13","H3_C2","H1_C2","H2_C2","H4_C2","P(c13 | G=C2)=1/24","H3_C2, H1_C2, H2_C2, H4_C2",352
"35","c10","H2_C2","H3_C2","H4_C2","H1_C2","P(c10 | G=C2)=1/24","H2_C2, H3_C2, H4_C2, H1_C2",353
"15","c1","H1_C2","H2_C2","H3_C2","H4_C2","P(c1 | G=C2)=1/24","H1_C2, H2_C2, H3_C2, H4_C2",354
"439","c9","H2_C2","H3_C2","H1_C2","H4_C2","P(c9 | G=C2)=1/24","H2_C2, H3_C2, H1_C2, H4_C2",355
"272","c22","H4_C2","H2_C2","H3_C2","H1_C2","P(c22 | G=C2)=1/24","H4_C2, H2_C2, H3_C2, H1_C2",356
"87","c13","H3_C2","H1_C2","H2_C2","H4_C2","P(c13 | G=C2)=1/24","H3_C2, H1_C2, H2_C2, H4_C2",357
"319","c3","H1_C2","H3_C2","H2_C2","H4_C2","P(c3 | G=C2)=1/24","H1_C2, H3_C2, H2_C2, H4_C2",358
"363","c5","H1_C2","H4_C2","H2_C2","H3_C2","P(c5 | G=C2)=1/24","H1_C2, H4_C2, H2_C2, H3_C2",359
"32","c10","H2_C2","H3_C2","H4_C2","H1_C2","P(c10 | G=C2)=1/24","H2_C2, H3_C2, H4_C2, H1_C2",360
"265","c22","H4_C2","H2_C2","H3_C2","H1_C2","P(c22 | G=C2)=1/24","H4_C2, H2_C2, H3_C2, H1_C2",361
"43","c11","H2_C2","H4_C2","H1_C2","H3_C2","P(c11 | G=C2)=1/24","H2_C2, H4_C2, H1_C2, H3_C2",362
"22","c10","H2_C2","H3_C2","H4_C2","H1_C2","P(c10 | G=C2)=1/24","H2_C2, H3_C2, H4_C2, H1_C2",363
"243","c20","H4_C2","H1_C2","H3_C2","H2_C2","P(c20 | G=C2)=1/24","H4_C2, H1_C2, H3_C2, H2_C2",364
"411","c8","H2_C2","H1_C2","H4_C2","H3_C2","P(c8 | G=C2)=1/24","H2_C2, H1_C2, H4_C2, H3_C2",365
"85","c13","H3_C2","H1_C2","H2_C2","H4_C2","P(c13 | G=C2)=1/24","H3_C2, H1_C2, H2_C2, H4_C2",366
"353","c5","H1_C2","H4_C2","H2_C2","H3_C2","P(c5 | G=C2)=1/24","H1_C2, H4_C2, H2_C2, H3_C2",367
"186","c18","H3_C2","H4_C2","H2_C2","H1_C2","P(c18 | G=C2)=1/24","H3_C2, H4_C2, H2_C2, H1_C2",368
"246","c20","H4_C2","H1_C2","H3_C2","H2_C2","P(c20 | G=C2)=1/24","H4_C2, H1_C2, H3_C2, H2_C2",369
"427","c9","H2_C2","H3_C2","H1_C2","H4_C2","P(c9 | G=C2)=1/24","H2_C2, H3_C2, H1_C2, H4_C2",370
"321","c3","H1_C2","H3_C2","H2_C2","H4_C2","P(c3 | G=C2)=1/24","H1_C2, H3_C2, H2_C2, H4_C2",371
"415","c8","H2_C2","H1_C2","H4_C2","H3_C2","P(c8 | G=C2)=1/24","H2_C2, H1_C2, H4_C2, H3_C2",372
"401","c8","H2_C2","H1_C2","H4_C2","H3_C2","P(c8 | G=C2)=1/24","H2_C2, H1_C2, H4_C2, H3_C2",373
"121","c15","H3_C2","H2_C2","H1_C2","H4_C2","P(c15 | G=C2)=1/24","H3_C2, H2_C2, H1_C2, H4_C2",374
"131","c15","H3_C2","H2_C2","H1_C2","H4_C2","P(c15 | G=C2)=1/24","H3_C2, H2_C2, H1_C2, H4_C2",375
"178","c18","H3_C2","H4_C2","H2_C2","H1_C2","P(c18 | G=C2)=1/24","H3_C2, H4_C2, H2_C2, H1_C2",376
"37","c11","H2_C2","H4_C2","H1_C2","H3_C2","P(c11 | G=C2)=1/24","H2_C2, H4_C2, H1_C2, H3_C2",377
"104","c14","H3_C2","H1_C2","H4_C2","H2_C2","P(c14 | G=C2)=1/24","H3_C2, H1_C2, H4_C2, H2_C2",378
"126","c15","H3_C2","H2_C2","H1_C2","H4_C2","P(c15 | G=C2)=1/24","H3_C2, H2_C2, H1_C2, H4_C2",379
"93","c14","H3_C2","H1_C2","H4_C2","H2_C2","P(c14 | G=C2)=1/24","H3_C2, H1_C2, H4_C2, H2_C2",380
"318","c3","H1_C2","H3_C2","H2_C2","H4_C2","P(c3 | G=C2)=1/24","H1_C2, H3_C2, H2_C2, H4_C2",381
"173","c18","H3_C2","H4_C2","H2_C2","H1_C2","P(c18 | G=C2)=1/24","H3_C2, H4_C2, H2_C2, H1_C2",382
"436","c9","H2_C2","H3_C2","H1_C2","H4_C2","P(c9 | G=C2)=1/24","H2_C2, H3_C2, H1_C2, H4_C2",383
"42","c11","H2_C2","H4_C2","H1_C2","H3_C2","P(c11 | G=C2)=1/24","H2_C2, H4_C2, H1_C2, H3_C2",384
"217","c2","H1_C2","H2_C2","H4_C2","H3_C2","P(c2 | G=C2)=1/24","H1_C2, H2_C2, H4_C2, H3_C2",385
"349","c5","H1_C2","H4_C2","H2_C2","H3_C2","P(c5 | G=C2)=1/24","H1_C2, H4_C2, H2_C2, H3_C2",386
"350","c5","H1_C2","H4_C2","H2_C2","H3_C2","P(c5 | G=C2)=1/24","H1_C2, H4_C2, H2_C2, H3_C2",387
"184","c18","H3_C2","H4_C2","H2_C2","H1_C2","P(c18 | G=C2)=1/24","H3_C2, H4_C2, H2_C2, H1_C2",388
"249","c21","H4_C2","H2_C2","H1_C2","H3_C2","P(c21 | G=C2)=1/24","H4_C2, H2_C2, H1_C2, H3_C2",389
"380","c6","H1_C2","H4_C2","H3_C2","H2_C2","P(c6 | G=C2)=1/24","H1_C2, H4_C2, H3_C2, H2_C2",390
"139","c15","H3_C2","H2_C2","H1_C2","H4_C2","P(c15 | G=C2)=1/24","H3_C2, H2_C2, H1_C2, H4_C2",391
"244","c20","H4_C2","H1_C2","H3_C2","H2_C2","P(c20 | G=C2)=1/24","H4_C2, H1_C2, H3_C2, H2_C2",392
"91","c13","H3_C2","H1_C2","H2_C2","H4_C2","P(c13 | G=C2)=1/24","H3_C2, H1_C2, H2_C2, H4_C2",393
"266","c22","H4_C2","H2_C2","H3_C2","H1_C2","P(c22 | G=C2)=1/24","H4_C2, H2_C2, H3_C2, H1_C2",394
"361","c5","H1_C2","H4_C2","H2_C2","H3_C2","P(c5 | G=C2)=1/24","H1_C2, H4_C2, H2_C2, H3_C2",395
"260","c21","H4_C2","H2_C2","H1_C2","H3_C2","P(c21 | G=C2)=1/24","H4_C2, H2_C2, H1_C2, H3_C2",396
"388","c7","H2_C2","H1_C2","H3_C2","H4_C2","P(c7 | G=C2)=1/24","H2_C2, H1_C2, H3_C2, H4_C2",397
"29","c10","H2_C2","H3_C2","H4_C2","H1_C2","P(c10 | G=C2)=1/24","H2_C2, H3_C2, H4_C2, H1_C2",398
"330","c4","H1_C2","H3_C2","H4_C2","H2_C2","P(c4 | G=C2)=1/24","H1_C2, H3_C2, H4_C2, H2_C2",399
"389","c7","H2_C2","H1_C2","H3_C2","H4_C2","P(c7 | G=C2)=1/24","H2_C2, H1_C2, H3_C2, H4_C2",400
"73","c13","H3_C2","H1_C2","H2_C2","H4_C2","P(c13 | G=C2)=1/24","H3_C2, H1_C2, H2_C2, H4_C2",401
"432","c9","H2_C2","H3_C2","H1_C2","H4_C2","P(c9 | G=C2)=1/24","H2_C2, H3_C2, H1_C2, H4_C2",402
"200","c19","H4_C2","H1_C2","H2_C2","H3_C2","P(c19 | G=C2)=1/24","H4_C2, H1_C2, H2_C2, H3_C2",403
"343","c4","H1_C2","H3_C2","H4_C2","H2_C2","P(c4 | G=C2)=1/24","H1_C2, H3_C2, H4_C2, H2_C2",404
"114","c15","H3_C2","H2_C2","H1_C2","H4_C2","P(c15 | G=C2)=1/24","H3_C2, H2_C2, H1_C2, H4_C2",405
"133","c15","H3_C2","H2_C2","H1_C2","H4_C2","P(c15 | G=C2)=1/24","H3_C2, H2_C2, H1_C2, H4_C2",406
"385","c7","H2_C2","H1_C2","H3_C2","H4_C2","P(c7 | G=C2)=1/24","H2_C2, H1_C2, H3_C2, H4_C2",407
"119","c15","H3_C2","H2_C2","H1_C2","H4_C2","P(c15 | G=C2)=1/24","H3_C2, H2_C2, H1_C2, H4_C2",408
"171","c18","H3_C2","H4_C2","H2_C2","H1_C2","P(c18 | G=C2)=1/24","H3_C2, H4_C2, H2_C2, H1_C2",409
"109","c14","H3_C2","H1_C2","H4_C2","H2_C2","P(c14 | G=C2)=1/24","H3_C2, H1_C2, H4_C2, H2_C2",410
"143","c16","H3_C2","H2_C2","H4_C2","H1_C2","P(c16 | G=C2)=1/24","H3_C2, H2_C2, H4_C2, H1_C2",411
"144","c16","H3_C2","H2_C2","H4_C2","H1_C2","P(c16 | G=C2)=1/24","H3_C2, H2_C2, H4_C2, H1_C2",412
"227","c20","H4_C2","H1_C2","H3_C2","H2_C2","P(c20 | G=C2)=1/24","H4_C2, H1_C2, H3_C2, H2_C2",413
"308","c3","H1_C2","H3_C2","H2_C2","H4_C2","P(c3 | G=C2)=1/24","H1_C2, H3_C2, H2_C2, H4_C2",414
"407","c8","H2_C2","H1_C2","H4_C2","H3_C2","P(c8 | G=C2)=1/24","H2_C2, H1_C2, H4_C2, H3_C2",415
"17","c1","H1_C2","H2_C2","H3_C2","H4_C2","P(c1 | G=C2)=1/24","H1_C2, H2_C2, H3_C2, H4_C2",416
"313","c3","H1_C2","H3_C2","H2_C2","H4_C2","P(c3 | G=C2)=1/24","H1_C2, H3_C2, H2_C2, H4_C2",417
"360","c5","H1_C2","H4_C2","H2_C2","H3_C2","P(c5 | G=C2)=1/24","H1_C2, H4_C2, H2_C2, H3_C2",418
"57","c12","H2_C2","H4_C2","H3_C2","H1_C2","P(c12 | G=C2)=1/24","H2_C2, H4_C2, H3_C2, H1_C2",419
"110","c14","H3_C2","H1_C2","H4_C2","H2_C2","P(c14 | G=C2)=1/24","H3_C2, H1_C2, H4_C2, H2_C2",420
"134","c15","H3_C2","H2_C2","H1_C2","H4_C2","P(c15 | G=C2)=1/24","H3_C2, H2_C2, H1_C2, H4_C2",421
"372","c6","H1_C2","H4_C2","H3_C2","H2_C2","P(c6 | G=C2)=1/24","H1_C2, H4_C2, H3_C2, H2_C2",422
"290","c23","H4_C2","H3_C2","H1_C2","H2_C2","P(c23 | G=C2)=1/24","H4_C2, H3_C2, H1_C2, H2_C2",423
"199","c19","H4_C2","H1_C2","H2_C2","H3_C2","P(c19 | G=C2)=1/24","H4_C2, H1_C2, H2_C2, H3_C2",424
"60","c12","H2_C2","H4_C2","H3_C2","H1_C2","P(c12 | G=C2)=1/24","H2_C2, H4_C2, H3_C2, H1_C2",425
"269","c22","H4_C2","H2_C2","H3_C2","H1_C2","P(c22 | G=C2)=1/24","H4_C2, H2_C2, H3_C2, H1_C2",426
"149","c16","H3_C2","H2_C2","H4_C2","H1_C2","P(c16 | G=C2)=1/24","H3_C2, H2_C2, H4_C2, H1_C2",427
"400","c7","H2_C2","H1_C2","H3_C2","H4_C2","P(c7 | G=C2)=1/24","H2_C2, H1_C2, H3_C2, H4_C2",428
"56","c12","H2_C2","H4_C2","H3_C2","H1_C2","P(c12 | G=C2)=1/24","H2_C2, H4_C2, H3_C2, H1_C2",429
"135","c15","H3_C2","H2_C2","H1_C2","H4_C2","P(c15 | G=C2)=1/24","H3_C2, H2_C2, H1_C2, H4_C2",430
"298","c24","H4_C2","H3_C2","H2_C2","H1_C2","P(c24 | G=C2)=1/24","H4_C2, H3_C2, H2_C2, H1_C2",431
"277","c22","H4_C2","H2_C2","H3_C2","H1_C2","P(c22 | G=C2)=1/24","H4_C2, H2_C2, H3_C2, H1_C2",432
"271","c22","H4_C2","H2_C2","H3_C2","H1_C2","P(c22 | G=C2)=1/24","H4_C2, H2_C2, H3_C2, H1_C2",433
"259","c21","H4_C2","H2_C2","H1_C2","H3_C2","P(c21 | G=C2)=1/24","H4_C2, H2_C2, H1_C2, H3_C2",434
"30","c10","H2_C2","H3_C2","H4_C2","H1_C2","P(c10 | G=C2)=1/24","H2_C2, H3_C2, H4_C2, H1_C2",435
"382","c7","H2_C2","H1_C2","H3_C2","H4_C2","P(c7 | G=C2)=1/24","H2_C2, H1_C2, H3_C2, H4_C2",436
"49","c11","H2_C2","H4_C2","H1_C2","H3_C2","P(c11 | G=C2)=1/24","H2_C2, H4_C2, H1_C2, H3_C2",437
"368","c6","H1_C2","H4_C2","H3_C2","H2_C2","P(c6 | G=C2)=1/24","H1_C2, H4_C2, H3_C2, H2_C2",438
"63","c12","H2_C2","H4_C2","H3_C2","H1_C2","P(c12 | G=C2)=1/24","H2_C2, H4_C2, H3_C2, H1_C2",439
"391","c7","H2_C2","H1_C2","H3_C2","H4_C2","P(c7 | G=C2)=1/24","H2_C2, H1_C2, H3_C2, H4_C2",440
